{"settings":{"latest":[94,"2019","9","25"],"notifications":["","2019","9","13","10","0.2",""]},"episodes":{"38":["\u516b\u4e00\u516b\u90a3\u4e9b\u300c\u5996\u5b7d\u300d\u7684\u672f\u8bed","http:\/\/anyway.fm\/ui-terms-1\/"],"51":["180\u00b0 \u7b2c\u5341\u671f \u2022 \u4e0e\u77e5\u4e4e\u725b\u770b\u5c71\u4e00\u8d77\u73a9\u800d\u7684\u5c0f\u59d0\u59d0\u4eec\u6765\u4e86","http:\/\/anyway.fm\/180-degree-zhihu-visual-design\/"],"31":["180\u00b0 \u7b2c\u4e94\u671f \u2022 \u5165\u9009 App Store \u5e74\u5ea6\u7cbe\u9009\u662f\u600e\u6837\u7684\u4f53\u9a8c","http:\/\/anyway.fm\/180-degree-sharoooon\/"],"P8":["\u5b89\u59ae\u8587\u90ae\u62a5","https:\/\/github.com\/Anyway-Design\/Anyway.Post\/blob\/master\/Posts\/Markdown\/%238.md"],"45":["\u6ca1\u6709\u5931\u843d\u7684\u79d8\u7b26 \u00b7 \u7b2c\u4e00\u96c6","http:\/\/anyway.fm\/the-never-lost-symbol-1\/"],"19":["ICON\u306e\u918d\u9190\u5473","http:\/\/anyway.fm\/on-icons\/"],"65":["\u4ece\u300c\u8fc7\u5ea6\u8bbe\u8ba1\u300d\u5230\u300c\u8bbe\u8ba1\u5e08\u81ea\u55e8\u300d","https:\/\/anyway.fm\/over-design\/"],"P13":["\u5b89\u59ae\u8587\u90ae\u62a5","https:\/\/github.com\/Anyway-Design\/Anyway.Post\/blob\/master\/Posts\/Markdown\/%2313.md"],"14":["180\u00b0 \u7b2c\u4e8c\u671f \u2022 \u706b\u5c71\u5927\u9646\u6ed5\u78ca\u5148\u68ee\u7684\u5f00\u8f66 \/ \u8239\u6307\u5357","http:\/\/anyway.fm\/180-degree-hxxland\/"],"P10":["\u5b89\u59ae\u8587\u90ae\u62a5","https:\/\/github.com\/Anyway-Design\/Anyway.Post\/blob\/master\/Posts\/Markdown\/%2310.md"],"11":["\u5feb\u8fc7\u5e74\u4e86\uff0c\u6211\u4eec\u61d2\u5f97\u60f3\u540d\u5b57\u4e86\u53ef\u4ee5\u4f10\uff1f","http:\/\/anyway.fm\/complain-in-chinese-year-end\/"],"P1":["\u5b89\u59ae\u8587\u90ae\u62a5","https:\/\/github.com\/Anyway-Design\/Anyway.Post\/blob\/master\/Posts\/Markdown\/%231.md"],"8":["\u8bbe\u8ba1\u771f\u7684\u9a71\u5f97\u52a8\u5417\uff1f","http:\/\/anyway.fm\/is-design-driven-a-myth\/"],"30":["Anyway with U #1","http:\/\/anyway.fm\/anyway-with-you-1\/"],"7":["\u300a40 \u5206\u949f\u300b\u8282\u76ee\u4e0d\u6df1\u5165\u4e86\u89e3\u82f9\u679c","http:\/\/anyway.fm\/inside-apple\/"],"P5":["\u5b89\u59ae\u8587\u90ae\u62a5","https:\/\/github.com\/Anyway-Design\/Anyway.Post\/blob\/master\/Posts\/Markdown\/%235.md"],"24":["\u804a\u804a\u6284\u88ad","http:\/\/anyway.fm\/copy-steal\/"],"22":["Anyway.Review #1","http:\/\/anyway.fm\/anyway-review-1\/"],"46":["180\u00b0 \u7b2c\u4e5d\u671f \u2022 \u5728\u9177\u6691\u7684\u5317\u4eac\uff0c\u6211\u4eec\u53bb Dine \u7684\u675c\u5148\u751f\u5bb6\u559d\u6c7d\u6c34","http:\/\/anyway.fm\/180-degree-duxiao\/"],"P4":["\u5b89\u59ae\u8587\u90ae\u62a5","https:\/\/github.com\/Anyway-Design\/Anyway.Post\/blob\/master\/Posts\/Markdown\/%234.md"],"P11":["\u5b89\u59ae\u8587\u90ae\u62a5","https:\/\/github.com\/Anyway-Design\/Anyway.Post\/blob\/master\/Posts\/Markdown\/%2311.md"],"26":["Anyway.Review #2 \uff0d iOS 10 & iPhone 7 series","http:\/\/anyway.fm\/anyway-review-2-ios-10-iphone-7\/"],"44":["\u5404\u79cd\u56fe\u7247\u4f5b\u9ea6\u5854\u4eec","http:\/\/anyway.fm\/image-formats\/"],"13":["UI \u662f\u67b6\u901a\u73b0\u5b9e\u4e0e\u865a\u62df\u7684\u5a92\u4ecb","http:\/\/anyway.fm\/physicality-and-realism\/"],"10":["180\u00b0 \u2014\u2014 \u7b2c\u4e00\u671f\u5c31\u662f\u4e00\u8d77\u6765\u548c\u4e00\u5947\u804a\u804a","http:\/\/anyway.fm\/180-degree-kee-lee-from-smartisan\/"],"9":["\u79c1\u2022\u751f\u6d3b \u2014\u2014 \u516b\u5c0f\u65f6\u5916\u7684\u5de5\u4f5c","http:\/\/anyway.fm\/freelancing-works\/"],"P6":["\u5b89\u59ae\u8587\u90ae\u62a5","https:\/\/github.com\/Anyway-Design\/Anyway.Post\/blob\/master\/Posts\/Markdown\/%236.md"],"P22":["\u5b89\u59ae\u8587\u90ae\u62a5","https:\/\/github.com\/Anyway-Design\/Anyway.Post\/blob\/master\/Posts\/Markdown\/%2322.md"],"67":["\u6ca1\u6709\u5931\u843d\u7684\u79d8\u7b26 \u2022 \u52a8\u7269\u4e16\u754c","https:\/\/anyway.fm\/animals-in-design\/"],"17":["\u300c\u6559\u7ec3\uff0c\u6211\u60f3\u6253\u7bee\u7403\u300d","http:\/\/anyway.fm\/dribbble-sins\/"],"P18":["\u5b89\u59ae\u8587\u90ae\u62a5","https:\/\/github.com\/Anyway-Design\/Anyway.Post\/blob\/master\/Posts\/Markdown\/%2318.md"],"29":["Anyway, \u6211\u4eec\u5728 User Friendly 2016 \u73b0\u573a","http:\/\/anyway.fm\/user-friendly-2016\/"],"36":["Anway.Review #3 \uff0d Bear & More","http:\/\/anyway.fm\/anyway-review-3-bear\/"],"54":["UI \u306e \u4e0a\u53e4\u5377\u8f74","https:\/\/anyway.fm\/ui-elder-scrolls\/"],"64":["180\u00b0 \u7b2c\u5341\u56db\u671f \u2022 \u8f7b\u8292 CEO \u738b\u4fca\u715c","https:\/\/anyway.fm\/180-degree-junyu\/"],"47":["\u6ca1\u9762\u8bd5\u8fc7\u51e0\u5341\u5bb6\u516c\u53f8\u600e\u4e48\u5f53\u5f97\u4e86\u6211\u53f0\u4e3b\u64ad","http:\/\/anyway.fm\/interview-experience\/"],"P15":["\u5b89\u59ae\u8587\u90ae\u62a5","https:\/\/github.com\/Anyway-Design\/Anyway.Post\/blob\/master\/Posts\/Markdown\/%2315.md"],"32":["180\u00b0 \u7b2c\u516d\u671f \u2022 \u72c4\u66f4\u65af\u89c1\u5230\u90fd\u4e0d\u77e5\u600e\u4e48\u5f62\u5bb9\u7684\u96fe\u973e\u5929\u91cc\uff0c\u6211\u4eec\u8d70\u8bbf\u4e86\u7ed8\u9e9f\u793e","http:\/\/anyway.fm\/180-degree-idooky\/"],"43":["\u6ca1\u58f0\u97f3\uff0c\u518d\u597d\u7684\u620f\u4e5f\u8981\u6253\u6298\u6263","http:\/\/anyway.fm\/designing-sound\/"],"5":["UI \u8bbe\u8ba1\u5e08\u7684\u517b\u6210\uff08\u4e0b\uff09","http:\/\/anyway.fm\/ui-designer-growth-3-habbits\/"],"20":["Anyway Geographic","http:\/\/anyway.fm\/famous-ui-studios\/"],"P3":["\u5b89\u59ae\u8587\u90ae\u62a5","https:\/\/github.com\/Anyway-Design\/Anyway.Post\/blob\/master\/Posts\/Markdown\/%233.md"],"4":["UI \u8bbe\u8ba1\u5e08\u7684\u517b\u6210\uff08\u4e2d\uff09","http:\/\/anyway.fm\/ui-designer-growth-2-jobs\/"],"59":["\u4e00\u573a\u5173\u4e8e\u300c\u8bbe\u8ba1\u884c\u4e1a\u662f\u4e0d\u662f\u5403\u9752\u6625\u996d\u300d\u7684\u8fa9\u8bba","https:\/\/anyway.fm\/only-for-the-young\/"],"39":["\u8bbe\u8ba1\u5e08\u7684\u8c03\u6821","http:\/\/anyway.fm\/fine-tuning-designer\/"],"74":["\u8d77\u4e2a\u540d\u5b57\u600e\u4e48\u90a3\u4e48\u96be\uff01","https:\/\/anyway.fm\/product-names\/"],"53":["Amigo~ Let's Talk about Movie!","https:\/\/anyway.fm\/movie-tim-burton\/"],"18":["[\u02c8r\u025btn\u0259]","http:\/\/anyway.fm\/retina-display\/"],"P9":["\u5b89\u59ae\u8587\u90ae\u62a5","https:\/\/github.com\/Anyway-Design\/Anyway.Post\/blob\/master\/Posts\/Markdown\/%239.md"],"42":["\u8bbe\u8ba1\u884c\u4e1a\u91cc\u6709\u300c\u6b67\u89c6\u300d\u5417\uff1f","http:\/\/anyway.fm\/discrimination-in-design\/"],"63":["180\u00b0 \u7b2c\u5341\u4e09\u671f \u2022 Voicer \u8054\u5408\u521b\u59cb\u4eba More","https:\/\/anyway.fm\/voicer-more\/"],"52":["iPhone X\u3001\u817e\u8baf\u54c1\u724c\u5b57\u4f53\u3001IBM Plex \u548c PPT","http:\/\/anyway.fm\/iphone-x-corporate-typeface-ppt\/"],"57":["\u6625\u8282\u524d\u526a\u5b8c\u5df2\u7ecf\u4e0d\u5bb9\u6613\u4e86\uff0c\u540d\u5b57\u4ec0\u4e48\u7684\u5c31\u5c06\u5c31\u4e00\u4e0b\u5427","https:\/\/anyway.fm\/2018-spring-festival\/"],"P7":["\u5b89\u59ae\u8587\u90ae\u62a5","https:\/\/github.com\/Anyway-Design\/Anyway.Post\/blob\/master\/Posts\/Markdown\/%237.md"],"P2":["\u5b89\u59ae\u8587\u90ae\u62a5","https:\/\/github.com\/Anyway-Design\/Anyway.Post\/blob\/master\/Posts\/Markdown\/%232.md"],"2":["\u5f53\u5e74\u7684\u90a3\u4e9b\u56fe\u6807\u5927\u5e08\u4eec","http:\/\/anyway.fm\/famous-icon-designers\/"],"40":["180\u00b0 \u7b2c\u516b\u671f \u2022 \u518d\u8bbf ARK","http:\/\/anyway.fm\/180-degree-hxxland-2\/"],"25":["Anyway Geographic II","http:\/\/anyway.fm\/famous-ui-studios-2\/"],"1":["\u65e5\u672c\u8857\u5934\u7684\u56fe\u5f62\u6807\u8bc6","http:\/\/anyway.fm\/japan-street-visual-elements\/"],"55":["\u770b\u4f3c\u5206\u4eab Figma \u4f7f\u7528\u4f53\u9a8c\uff0c\u5176\u5b9e\u8fd8\u662f\u5728\u5410\u69fd Sketch","https:\/\/anyway.fm\/figma-sketch\/"],"27":["\u6545\u5f04\u7384\u865a\u7684\u8bbe\u8ba1\u5e08 Part. I","http:\/\/anyway.fm\/mysteries-in-design\/"],"56":["\u8bbe\u8ba1\u5e08\u8be5\u5982\u4f55\u641c\u7d22\uff1f","https:\/\/anyway.fm\/how-to-search\/"],"82":["\u7b2c\u4e09\u533a\u4ea4\u901a\u59d4\u63d0\u9192\u60a8\u300c\u5f00\u9152\u4e0d\u559d\u8f66\uff0c\u4f46\u53ef\u4ee5\u542c Anyway\u300d","https:\/\/anyway.fm\/wandering-earth\/"],"62":["\u522b\u518d\u9519\uff01\u8fd9\u4e9b\u5355\u8bcd\u5e94\u8be5\u8fd9\u6837\u5ff5\uff01","https:\/\/anyway.fm\/terms-in-english\/"],"23":["180\u00b0 \u7b2c\u56db\u671f \u2022 \u72ee\u57ce\u5c0f\u738b\u5b50","http:\/\/anyway.fm\/180-degree-danis\/"],"94":["180\u00b0 \u7b2c\u5341\u4e03\u671f \u2022 \u6f02\u53bb\u7845\u8c37\u505a\u8bbe\u8ba1","https:\/\/anyway.fm\/wangyi\/"]},"quotes":[["JJ Ying","\u7b80\u9a7e\u8001\u5e08\u5199\u8fc7\u4e00\u7bc7\u957f\u6587\uff1a<a href='http:\/\/anyway.red\/t\/?t=https:\/\/www.zhihu.com\/question\/20664700\/answer\/15874388'>\u300c\u786e\u5b9a\u300d\u6309\u94ae\u5e94\u8be5\u5728\u5de6\u8fb9\u8fd8\u662f\u53f3\u8fb9<\/a>","38"],["\u7403\u62cd","180\u00b0 \u5609\u5bbe\u7535\u5f71\u63a8\u8350\uff1a<a href='http:\/\/anyway.red\/t\/?t=https:\/\/movie.douban.com\/subject\/3212221\/'>\u51ef\u5c14\u7ecf\u7684\u79d8\u5bc6<\/a>","51"],["\u7802\u8f6e","\u5207\u56fe\u662f\u5f88\u91cd\u8981\u7684\uff01","31"],["JJ Ying","justfont \u51fa\u54c1\u7684\u4e00\u6bb5\u5173\u4e8e Google \u4e0e Adobe \u5408\u4f5c\u7684<a href='http:\/\/anyway.red\/t\/?t=https:\/\/www.youtube.com\/watch?v=V4jKzjWg4KQ&t=3s'>\u601d\u6e90\u5b8b\u4f53<\/a>\u7684\u4ecb\u7ecd\u89c6\u9891","P8"],["Leon Gao","\u5b8c\u6574\u7684\u84dd\u7259 logo \u5e94\u8be5\u5305\u542b\u5916\u9762\u90a3\u4e2a\u7c7b\u4f3c\u692d\u5706\u7684\u56fe\u5f62\uff0c\u8be6\u89c1\u4ed6\u4eec\u975e\u5e38\u7ec6\u81f4\u7684<a href='http:\/\/anyway.red\/t\/?t=https:\/\/www.bluetooth.com\/zh-cn\/develop-with-bluetooth\/marketing-branding\/brand-guide-logos'>\u54c1\u724c\u6700\u4f73\u8303\u4f8b\u548c\u6307\u5357<\/a>","45"],["JJ Ying","\u6000\u65e7\u65f6\u95f4\uff1a\u6765\u81ea\u817e\u8baf\u7684 Andraw \u5927\u5e08\u5728 2006 \u5e74\u8bbe\u8ba1\u7684\u56fe\u6807\u96c6 <a href='http:\/\/anyway.red\/t\/?t=http:\/\/skins11.wincustomize.com\/25\/93\/2593155\/2\/1631\/preview-2-1631.jpg'>ROUNDer<\/a>","19"],["JJ Ying","\u6211\u4eec\u5bf9\u4e8e\u300c\u8fc7\u5ea6\u8bbe\u8ba1\u300d\u7684\u53cd\u611f\uff0c\u662f\u4e0d\u662f\u4e5f\u6765\u6e90\u4e8e\u300c\u6050\u6016\u8c37\u300d\u7406\u8bba\uff1f","65"],["JJ Ying","\u8fd9\u4e2a\u628a\u6709\u7528\u4fe1\u606f\u9690\u85cf\u5728 iPhone \u7684 Live Photo \u58c1\u7eb8\u91cc\u7684<a href='http:\/\/anyway.red\/t\/?t=https:\/\/sspai.com\/post\/40762'>\u521b\u610f<\/a>\u8fd8\u86ee\u6709\u610f\u601d\u7684","P13"],["JJ Ying","\u5f88\u591a\u770b\u4f3c\u7b80\u5355\u4e8b\u60c5\u5e76\u4e0d\u662f\u5728\u4e00\u5f00\u59cb\u5c31\u90a3\u6837\uff1a<a href='http:\/\/anyway.red\/t\/?t=https:\/\/readymag.com\/shuffle\/ui-symbols\/'>\u51e0\u4e2a\u5e38\u89c1 UI \u7b26\u53f7\u7684\u6765\u6e90<\/a>","45"],["\u6ed5\u78ca","\u4eba\u751f\u867d\u7136\u5145\u6ee1\u4e86\u610f\u5916\u4e0e\u5de7\u5408\uff0c\u4f46\u59cb\u7ec8\u5e94\u8be5\u660e\u767d\u81ea\u5df1\u8981\u7684\u662f\u4ec0\u4e48","14"],["Leon Gao","Adobe  \u7238\u7238\u51fa\u4e86\u4e2a\u8d85\u5c4c\u7684<a href='http:\/\/anyway.red\/t\/?t=https:\/\/www.fastcodesign.com\/90133924\/adobe-just-built-the-prettiest-ui-ever'>\u8c03\u8272\u76d8<\/a>","P10"],["JJ Ying","\u5982\u679c\u53ea\u63a8\u8350\u4e00\u4e2a\u7f51\u7ad9\uff0c\u90a3\u6211\u80af\u5b9a\u5b89\u5229\u8bbe\u8ba1\u65b0\u95fb\u805a\u5408\u7ad9 <a href='http:\/\/anyway.red\/t\/?t=https:\/\/www.designernews.co\/'>Designer News<\/a>","11"],["Leon Gao","\u5f88\u68d2\u7684\u4e0e\u8bbe\u8ba1\u3001\u827a\u672f\u76f8\u5173\u7684\u5404\u79cd\u5e7f\u6cdb\u5185\u5bb9\u805a\u5408\u5c55\u793a\uff1a<a href='http:\/\/anyway.red\/t\/?t=http:\/\/theinspirationgrid.com\/'>Inspiration Grid<\/a>","P1"],["JJ Ying","\u6bd4\u8d77\u53d1\u5e03\u521d\u671f\u8bbe\u8ba1\u5e08\u5de8\u91cf\u6d8c\u5165\u7684 Path 2.X\uff0c\u6211\u66f4\u559c\u6b22\u4ed6\u7684 <a href='http:\/\/anyway.red\/t\/?t=http:\/\/iconmoon.com\/blog2\/path-for-ipad\/'>1.X \u7248\u672c<\/a>\uff0cfeed \u9605\u8bfb\u8d77\u6765\u5f88\u6709\u8282\u594f\u611f","8"],["Leon Gao","\u770b\u770b\u56fd\u5916\u8bbe\u8ba1\u754c\u7684<a href='http:\/\/anyway.red\/t\/?t=http:\/\/www.kikk.be\/2015\/'>\u884c\u4e1a\u5927\u4f1a\u5b98\u7f51<\/a>\uff0c\u56fd\u5185\u540c\u884c\u4eec\u8fd8\u662f\u6709\u4e0d\u5c11\u8def\u8981\u8d70\u7684","30"],["Leon Gao","iOS 7 \u521a\u521a\u53d1\u5e03\u7684\u65f6\u5019\uff0c\u6211\u66fe\u7ecf\u5f3a\u70c8<a href='http:\/\/anyway.red\/t\/?t=http:\/\/leongao.com\/?p=282'>\u5410\u69fd\u8fc7<\/a>","7"],["JJ Ying","<a href='http:\/\/anyway.red\/t\/?t=http:\/\/blog.iloveligatures.com\/'>iloveligatures.com<\/a> \u7f51\u7ad9\u6b63\u5982\u540d\u5b57\u6240\u663e\u793a\uff0c\u5c31\u662f\u4e13\u95e8\u6536\u5f55\u5404\u79cd\u6f02\u4eae\u7684\u8fde\u5b57\uff08ligatures\uff09","P5"],["JJ Ying","\u6211\u5f88\u65e9\u4ee5\u524d\u7684\u4e2a\u4eba\u9875\u9762\u5927\u6982\u88ab\u4eba\u5f53\u6a21\u677f\u6559\u6750\u4e86\uff0c<a href='http:\/\/anyway.red\/t\/?t=http:\/\/iconmoon.com\/blog2\/about-page-copycats\/'>\u88ab\u590d\u5236\u5f97\u6ca1\u813e\u6c14\u4e86<\/a>\u2026\u2026","24"],["Leon Gao","\u5f53\u5e74\u7684\u5207\u56fe\u795e\u5668 <a href='http:\/\/anyway.red\/t\/?t=http:\/\/macrabbit.com\/slicy\/'>Slicy<\/a>","22"],["\u675c\u6f47","\u8fdc\u7a0b\u534f\u4f5c\u7684\u8868\u8c61\u662f\u5f02\u5730\u5de5\u4f5c\uff0c\u4f46\u5b9e\u9645\u8fdc\u4e0d\u6b62\u4e8e\u6b64\uff0c\u5408\u4f5c\u6210\u5458\u4e4b\u95f4\u7684\u4fe1\u4efb\u662f\u6700\u91cd\u8981\u7684","46"],["JJ Ying","<a href='http:\/\/anyway.red\/t\/?t=https:\/\/www.toptal.com\/designers\/subtlepatterns\/'>Subtle Patterns<\/a> \u4e0a\u6709\u8d85\u591a\u7ec6\u817b\u7684\u80cc\u666f\u6750\u8d28\uff0c\u60f3\u8981\u6d6e\u5938\u7684\u62fc\u82b1\u98ce\u683c\u53ef\u4ee5\u8bd5\u8bd5 <a href='http:\/\/anyway.red\/t\/?t=https:\/\/www.novapattern.com\/'>Novapattern<\/a>","P4"],["JJ Ying","\u4e00\u79d2\u949f\u7684\u65f6\u95f4\u91cc\uff0c<a href='http:\/\/anyway.red\/t\/?t=http:\/\/www.everysecond.io\/'>\u4e16\u754c\u4e0a\u53d1\u751f\u4e86\u4e9b\u4ec0\u4e48<\/a>","P11"],["JJ Ying","\u6211\u53bb\u4e86\u8d9f<s>\u654c<\/s>\u53cb\u53f0\uff1a<a href='http:\/\/anyway.red\/t\/?t=http:\/\/www.uxcoffee.com\/d862dd3e'>UX Coffee #30<\/a>","P8"],["JJ Ying","Google \u7684\u8bbe\u8ba1\u5e08 Sebastien Gabriel \u6240\u5199\u7684\u8fd9\u4e00\u6b21 Chrome \u684c\u9762\u7248<a href='http:\/\/anyway.red\/t\/?t=https:\/\/medium.com\/google-design\/redesigning-chrome-desktop-769aeb5ab987'>\u6539\u7248\u7684\u5168\u8fc7\u7a0b<\/a>","26"],["JJ Ying","Apple \u5b98\u65b9\u7684\u6b63\u7248 <a href='http:\/\/anyway.red\/t\/?t=http:\/\/v.youku.com\/v_show\/id_XMTM5Mjk5NTU4MA==.html'>One More Thing<\/a> \u5408\u96c6","44"],["Leon Gao","\u300c\u62df\u7269\u5316\u300d\u7684\u53cd\u4e49\u8bcd\u5e94\u8be5\u662f\u300c\u62bd\u8c61\u5316\u300d\u800c\u4e0d\u662f\u300c\u6241\u5e73\u5316\u300d","13"],["\u674e\u4e00\u5947","\u674e\u4e00\u5947\u5728\u6781\u5ba2\u516c\u56ed\u7684\u5206\u4eab\uff1a<a href='http:\/\/anyway.red\/t\/?t=http:\/\/www.geekpark.net\/videos\/210789\/'>\u56fe\u6807\u7684\u79d8\u5bc6<\/a>","10"],["Leon Gao","\u6211\u6709\u4e2a\u975e\u5e38\u7b80\u5355\u7684\u8003\u9a8c\u79c1\u5355\u5ba2\u6237\u8bda\u610f\u7684\u65b9\u6cd5\uff1a\u62a5\u4e00\u4e2a\u8fde\u81ea\u5df1\u90fd\u89c9\u5f97\u79bb\u8c31\u7684\u4ef7\u683c","9"],["JJ Ying","<a href='http:\/\/anyway.red\/t\/?t=https:\/\/dood.al\/pinktrombone\/'>Pink Trombone<\/a> \u662f\u4e2a\u975e\u5e38\u9b54\u6027\u7684\u300c\u5634\u5df4\u6a21\u62df\u5668\u300d\uff0c\u53ef\u4ee5\u7528\u6765\u6a21\u62df\u5404\u79cd\u58f0\u97f3","P6"],["JJ Ying","\u8ba9\u6211\u4eec\u8ba4\u8bc6\u300c<a href='http:\/\/anyway.red\/t\/?t=https:\/\/pudding.cool\/2018\/02\/waveforms\/'>\u58f0\u97f3\u7684\u6ce2\u5f62\u56fe<\/a>\u300d","P22"],["Leon Gao","David Lanham \u4f5c\u54c1\u4e09\u8fde\u53d1\uff1aOn The Job <a href='http:\/\/anyway.red\/t\/?t=http:\/\/dlanham.com\/ui\/onthejob\/'>\u5c0f\u871c\u8702\u56fe\u6807<\/a>\u3001Acorn <a href='http:\/\/anyway.red\/t\/?t=http:\/\/dlanham.com\/ui\/acorn\/'>\u6a61\u5b50\u56fe\u6807<\/a>\u548c Coda <a href='http:\/\/anyway.red\/t\/?t=http:\/\/dlanham.com\/ui\/coda\/'>\u5c0f\u53f6\u5b50\u56fe\u6807<\/a>","67"],["Leon Gao","\u4e0d\u7406\u89e3\u6267\u884c\u9636\u6bb5\u7684\u4e50\u8da3\uff0c\u5c31\u522b\u8c08\u80fd\u505a\u597d\u521b\u610f","17"],["JJ Ying","\u6bcf\u5f53\u6211\u5931\u53bb\u6fc0\u60c5\u7684\u65f6\u5019\uff0c\u5c31\u4f1a\u53bb\u770b\u770b\u4e54\u8001\u7237\u5b50\u5728 2007 \u5e74 Macworld \u4e0a\u7684<a href='http:\/\/anyway.red\/t\/?t=http:\/\/v.youku.com\/v_show\/id_XMjgxMDE1MzY4.html?from=s1.8-1-1.2'>\u90a3\u573a\u53d1\u5e03\u4f1a<\/a>","13"],["\u7403\u62cd","Netflix \u51fa\u54c1\u7684\u8bbe\u8ba1\u7eaa\u5f55\u7247<a href='http:\/\/anyway.red\/t\/?t=https:\/\/movie.douban.com\/subject\/26961333\/'><em>Abstract: The Art of Design<\/em><\/a>","51"],["JJ Ying","<a href='http:\/\/anyway.red\/t\/?t=https:\/\/www.logodesignlove.com\/pixar-logo'>\u76ae\u514b\u65af\u5c0f\u53f0\u706f logo \u7684\u5386\u53f2<\/a>","P18"],["JJ Ying","\u6765\u81ea\u5c3c\u5c14\u68ee\u7684\u4e00\u4efd<a href='http:\/\/anyway.red\/t\/?t=https:\/\/www.nngroup.com\/articles\/computer-skill-levels\/'>\u7535\u8111\u4f7f\u7528\u8005\u6280\u80fd\u6c34\u5e73\u8c03\u67e5\u62a5\u544a<\/a>","29"],["Leon Gao","\u6e38\u620f\u300a\u8f90\u5c04\u300b\u7684\u5e9f\u571f\u4e16\u754c\u4e2d\u7684\u4e2a\u4eba\u4fe1\u606f\u52a9\u7406 <a href='http:\/\/anyway.red\/t\/?t=http:\/\/nerdist.com\/wp-content\/uploads\/2015\/07\/PipBoy.jpg'>Pip-Boy<\/a> \u4f9d\u7136\u662f\u4ee5\u89c6\u89c9\u548c\u89e6\u89c9\u4e3a\u4e3b","26"],["JJ Ying","\u79d1\u666e\u65f6\u95f4\uff1a<a href='http:\/\/anyway.red\/t\/?t=https:\/\/sspai.com\/post\/25137'>\u4ec0\u4e48\u662f Markdown\uff1f<\/a>","36"],["Leon Gao","UI \u8bbe\u8ba1\u5e08\u4f1a\u4e0d\u4f1a\u6709\u671d\u4e00\u65e5\u53d8\u6210\u6c11\u95f4\u827a\u672f\u5bb6\uff1f","54"],["JJ Ying","Fantasy \u7684\u5b8c\u6574\u56e2\u961f\u4ecb\u7ecd <a href='http:\/\/anyway.red\/t\/?t=https:\/\/www.icloud.com\/keynote\/0d1jfWW8cOyvmsKhOMORpOgKQ#User_Experience_Design_at_Fantasy'>Keynote<\/a>","P11"],["Leon Gao","\u5f53\u65f6\u6211\u5f00\u73a9\u7b11\u8bf4\u7684<a href='http:\/\/anyway.red\/t\/?t=https:\/\/anyway.fm\/comments-grave\/'>\u8bc4\u8bba\u5893\u7891<\/a>\u771f\u7684\u88ab JJ \u641e\u51fa\u6765\u4e86\u2026\u2026","P6"],["Leon Gao","UI \u8bbe\u8ba1\u5e08\u5c31\u662f\u4e0a\u5e1d\u4ee3\u7406\u4eba\uff01","13"],["JJ Ying","\u5728 IG \u4e0a\u7528\u6a21\u578b\u5c0f\u4eba\u548c\u65e5\u5e38\u7269\u54c1\u62cd\u6444\u521b\u610f\u5fae\u89c2\u573a\u666f\u7684<a href='http:\/\/anyway.red\/t\/?t=https:\/\/www.instagram.com\/tanaka_tatsuya\/'>\u7530\u4e2d\u9054\u4e5f<\/a>","51"],["\u738b\u4fca\u715c","\u300a<a href='http:\/\/anyway.red\/t\/?t=https:\/\/theinitium.com\/article\/201701122-mainland-schoolmagazine\/'>\u9644\u4e2d\u4eba Further<\/a>\u300b\u662f\u5317\u5e08\u5927\u9644\u4e2d\u7684\u6821\u520a\uff0c\u8d28\u91cf\u548c\u5546\u4e1a\u5316\u7a0b\u5ea6\u9ad8\u5f97\u6839\u672c\u4e0d\u50cf\u6821\u520a","64"],["JJ Ying","\u8ba1\u7b97 WCAG \u989c\u8272\u5bf9\u6bd4\u5ea6\u7684\u5de5\u5177\uff1a<a href='http:\/\/anyway.red\/t\/?t=https:\/\/usecontrast.com\/'>Contrast.app<\/a>","P10"],["JJ Ying","<a href='http:\/\/anyway.red\/t\/?t=http:\/\/animista.net\/'>Animista<\/a> \u662f\u4e00\u4e2a CSS \u52a8\u753b\u751f\u6210 + \u67e5\u770b\u5de5\u5177","P4"],["JJ Ying","Medium \u603b\u5171\u6709\u8fc7\u4e09\u4e2a\u7248\u672c\u7684 <a href='http:\/\/anyway.red\/t\/?t=http:\/\/pic.yupoo.com\/yingjunjiu_v\/330ca6b1\/6b72befc.png'> logo<\/a>\uff0c\u6700\u65b0\u7248\u7684 wordmak \u90e8\u5206\u662f\u57fa\u4e8e <a href='http:\/\/anyway.red\/t\/?t=https:\/\/www.schick-toikka.com\/noe-display'>Noe Display<\/a> \u5b57\u4f53\u7684","47"],["JJ Ying","\u5f88\u6709\u610f\u601d\u7684\u4e00\u4e2a\u7814\u7a76\uff1a<a href='http:\/\/anyway.red\/t\/?t=https:\/\/www.signs.com\/branded-in-memory\/'>\u8ba9\u4eba\u51ed\u5370\u8c61\u753b\u8457\u540d\u54c1\u724c logo<\/a>","P15"],["JJ Ying","\u8001\u7248 iOS Passbook App \u7684\u975e\u5e38\u62df\u7269\u7684<a href='http:\/\/anyway.red\/t\/?t=http:\/\/v.youku.com\/v_show\/id_XMTQ5MjQ5MDg4OA==.html'>\u788e\u7eb8\u673a\u5220\u9664\u52a8\u753b<\/a>","13"],["Leon Gao","\u6211\u7684\u82f1\u6587\u540d\u51fa\u5904\u662f\u5415\u514b\u00b7\u8d1d\u677e\u7684\u7535\u5f71\u300a\u8fd9\u4e2a\u6740\u624b\u4e0d\u592a\u51b7 <em>L\u00e9on<\/em> \u300b","32"],["JJ Ying","iOS \u91cc\u90a3\u4e9b\u97f3\u6548\u662f\u600e\u4e48\u6f14\u594f\u7684\uff1f\u770b\u770b Apple \u7684\u97f3\u6548\u8bbe\u8ba1\u5e08\u5728 WWDC \u4e0a\u7684\u5206\u4eab\uff1a<a href='http:\/\/anyway.red\/t\/?t=https:\/\/developer.apple.com\/videos\/play\/wwdc2017\/803\/'>Designing Sound<\/a>","43"],["JJ Ying","\u591a\u8bed\u8a00\u73af\u5883\u4e0b\u7684\u8bbe\u8ba1\u5e08\u300c\u5669\u68a6\u300d\uff1a<a href='http:\/\/anyway.red\/t\/?t=http:\/\/s.anw.red\/images\/macau.jpg'>\u6fb3\u95e8\u673a\u573a\u6307\u793a\u724c\u7684\u65e5\u5e38<\/a>","19"],["JJ Ying","\u5982\u4eca\u7684<a href='http:\/\/anyway.red\/t\/?t=http:\/\/iconmoon.com\/blog2\/photo-resources\/'>\u514d\u8d39\u56fe\u5e93\u8d44\u6e90<\/a>\u662f\u8d8a\u6765\u8d8a\u4e30\u5bcc\u4e86","5"],["JJ Ying","\u6765\u81ea Token \u7684\u4e00\u4e2a\u77e5\u4e4e\u7b54\u6848\uff1a<a href='http:\/\/anyway.red\/t\/?t=https:\/\/www.zhihu.com\/question\/22944989\/answer\/23166971'>\u72ec\u7acb\u8bbe\u8ba1\u5e08\u5982\u4f55\u4e3a\u81ea\u5df1\u5b9a\u4ef7\uff1f<\/a>","9"],["JJ Ying","Sketch \u7684\u5f00\u53d1\u5546 Bohemian \u5728\u5b9a\u4ef7\u7b56\u7565\u548c\u5bf9\u5f85\u8001\u7528\u6237\u7684\u6001\u5ea6\u4e0a\u6709\u5f88\u591a<a href='http:\/\/anyway.red\/t\/?t=https:\/\/www.zhihu.com\/question\/23239204\/answer\/24569690'>\u9ed1\u5386\u53f2<\/a>","20"],["JJ Ying","\u4e00\u6b3e\u50cf\u7d20\u5730\u56fe\u751f\u6210\u5de5\u5177\uff1a<a href='http:\/\/anyway.red\/t\/?t=http:\/\/pixelmap.amcharts.com\/'>Pixel Map<\/a>","P3"],["JJ Ying","\u53f2\u4e0a\u7b2c\u4e00\u53f0\u5177\u5907\u56fe\u5f62\u7528\u6237\u754c\u9762\u7684\u4e2a\u4eba\u7535\u8111\u662f\u65bd\u4e50\u7684 <a href='http:\/\/anyway.red\/t\/?t=http:\/\/toastytech.com\/guis\/alto.html'>Alto<\/a>\uff0c\u4f60\u6ca1\u770b\u9519\uff0c\u4ed6\u7684\u5c4f\u5e55\u5c31\u662f\u7ad6\u7740\u7684","54"],["JJ Ying","\u53cb\u53f0\u63a8\u8350\uff1a<span  style='font-family:Adobe Caslon Pro, Serif;font-weight: 700;'>Type is Beautiful<\/span> \u7f51\u7ad9\u51fa\u54c1\u7684\u5b57\u4f53\u8bbe\u8ba1\u64ad\u5ba2<a href='http:\/\/anyway.red\/t\/?t=http:\/\/www.typeisbeautiful.com\/typechat\/'>\u5b57\u8c08\u5b57\u7545<\/a>","4"],["JJ Ying","\u6211\u53f0 2016 \u5e74\u5ea6\u542c\u4f17\u8c03\u67e5\u91cc\u7684<a href='http:\/\/anyway.red\/t\/?t=http:\/\/pic.yupoo.com\/yingjunjiu_v\/a2bcb84e\/af97b77e.jpg'>\u4ece\u4e1a\u5e74\u9650\u5206\u5e03\u56fe<\/a>","59"],["Leon Gao","\u6ca1\u5fcd\u4f4f\uff0c\u5bb9\u6211\u55b7\u4e00\u4e0b\uff1amacOS \u7248\u7684 Office \u5957\u4ef6\u5c31\u662f\u8fa3\u9e21","39"],["Leon Gao","\u8fd9\u4e9b <a href='http:\/\/anyway.red\/t\/?t=https:\/\/www.mydesy.com\/phenakistoscope-2'>180 \u5e74\u524d\u7684 GIF <\/a>\u4e5f\u6ca1\u5565\u7279\u522b\u7684\uff0c\u53cd\u6b63\u6211\u4e5f\u5c31\u6765\u56de\u770b\u4e86\u4e94\u5341\u51e0\u904d\u800c\u5df2","P6"],["JJ Ying","<a href='http:\/\/anyway.red\/t\/?t=https:\/\/timesnewerroman.com\/'>Times Newer Roman<\/a> \u8fd9\u6b3e\u4e2d\u4e8c\u5b57\u4f53\u8ddf Times New Roman \u975e\u5e38\u50cf\u4f46\u66f4\u5bbd\u677e\uff0c\u5e2e\u4f60\u5728\u8bba\u6587\u91cc\u591a\u51d1\u4e00\u4e9b\u9875\u6570","74"],["\u827e\u75f4\u75f4\u75f4","\u6211\u53f0\u5b98\u7f51\u52a0\u661f\u6570\u91cf\u6700\u591a\u7684<a href='http:\/\/anyway.red\/t\/?t=https:\/\/anyway.fm\/movie-tim-burton\/#c3'>\u4e00\u6761\u8bc4\u8bba<\/a>","53"],["JJ Ying","Retina \u7684\u53d1\u97f3\u662f <span style='font-family: Times New Roman, Serif;'>\/\u02c8r\u025btn\u0259\/<\/span>\uff0c\u91cd\u97f3\u5728\u524d","18"],["JJ Ying","\u8fd8\u6ca1\u62ff\u5230 iPhone 6 Plus \u771f\u673a\u4f46\u9879\u76ee\u53c8\u9700\u8981\u5f55\u5c4f\u7684\u65f6\u5019\uff0c\u6211\u53ea\u80fd<a href='http:\/\/anyway.red\/t\/?t=http:\/\/s.anw.red\/images\/imac-iphone6-plus.jpg'>\u8fd9\u4e48\u529e\u4e86<\/a>","18"],["JJ Ying","\u6211\u53f0\u53f2\u4e0a\u7b2c\u56db\u4e2a\u8d5e\u52a9\u5546\uff1a\u56fe\u7247\u6574\u7406\u8f6f\u4ef6 <a href='http:\/\/anyway.red\/t\/?t=https:\/\/cn.eagle.cool\/macOS'>Eagle<\/a>","P9"],["JJ Ying","\u60f3\u5728\u6211\u53f0\u5b98\u7f51\u4f7f\u7528\u81ea\u5b9a\u4e49\u5934\u50cf\uff1f\u8bf7\u7528\u7559\u8a00\u65f6\u8bbe\u7f6e\u7684\u90ae\u7bb1\u6ce8\u518c <a href='http:\/\/anyway.red\/t\/?t=http:\/\/cn.gravatar.com\/'>Gravatar<\/a>","42"],["More","\u6253\u5f00 Illustrator \u7684\u65f6\u5019\u6211\u6709\u4e00\u79cd\u83ab\u540d\u7684\u5b89\u5168\u611f","63"],["JJ Ying","iA Writer \u5229\u7528 IBM Plex \u505a\u4e86\u4e00\u5957\u5f88\u7279\u522b\u7684<a href='http:\/\/anyway.red\/t\/?t=https:\/\/ia.net\/topics\/in-search-of-the-perfect-writing-font\/'>\u7f16\u8f91\u5668\u4e13\u7528\u5b57\u4f53<\/a>","52"],["Leon Gao","\u538b\u7f29\u8f6f\u4ef6 Keka \u7684<a href='http:\/\/anyway.red\/t\/?t=http:\/\/pic.yupoo.com\/yingjunjiu_v\/1cdf528e\/9c0d9d71.jpg'>\u897f\u74dc\u866b\u56fe\u6807<\/a>\u66f4\u65b0\u7248\u7531 David Lanham \u64cd\u5200","67"],["JJ Ying","\u6211\u53f0\u524d\u4e24\u5e74\u7684\u5e74\u5ea6\u603b\u7ed3\uff1a<a href='http:\/\/anyway.red\/t\/?t=https:\/\/anyway.fm\/2017'>Anyway.2017<\/a>\u3001<a href='http:\/\/anyway.red\/t\/?t=https:\/\/anyway.fm\/2016'>Anyway.2016<\/a>","57"],["JJ Ying","\u5bf9\u4e8e\u4e00\u4e2a\u6709\u5f3a\u8feb\u75c7\u7684\u8bbe\u8ba1\u5e08\u6765\u8bf4\uff0ciPhone 6 Plus \u90a3\u5757<a href='http:\/\/anyway.red\/t\/?t=http:\/\/iconmoon.com\/blog2\/iphone-6-plus-screen-size\/'>\u65e0\u6cd5\u50cf\u7d20\u7cbe\u786e<\/a>\u7684\u5c4f\u5e55\u662f\u8ba9\u4eba\u4fe1\u4ef0\u5d29\u584c\u7684","18"],["JJ Ying","<a href='http:\/\/anyway.red\/t\/?t=http:\/\/xn--bq9h.tk\/'>Emojify<\/a> \u662f\u4e00\u4e2a\u7528 Emoji \u4f5c\u4e3a\u57df\u540d\u7684\u670d\u52a1\uff0c\u6bd4\u5982\u8fd9\u4e2a\uff1a<a href='http:\/\/anyway.red\/t\/?t=http:\/\/\ud83e\udd27.tk\/2vv'><span style='font-weight: 100;'>http:\/\/\ud83e\udd27.tk\/2vv<\/span><\/a>","P7"],["JJ Ying","<a href='http:\/\/anyway.red\/t\/?t=http:\/\/archive.org\/'>Archive.org<\/a> \u9664\u4e86\u6536\u5f55\u65e0\u6570\u7f51\u7ad9\u7684\u5386\u53f2\u7248\u672c\uff0c\u4e5f\u63a8\u51fa\u4e86<a href='http:\/\/anyway.red\/t\/?t=https:\/\/archive.org\/details\/softwarelibrary_mac'>\u53e4\u8463\u64cd\u4f5c\u7cfb\u7edf\u6a21\u62df\u5668<\/a>","P5"],["JJ Ying","\u5fd8\u8bb0\u662f\u6765\u81ea\u4e8e\u8c01\u7684\u4e00\u53e5\u5410\u69fd\uff1a<\/br>\u8bbe\u8ba1\u5e08\u5c31\u7231\u8bbe\u8ba1\u4e09\u79cd App\uff1a\u5929\u6c14\u3001\u65e5\u5386\u548c To-do List","8"],["Leon Gao","Anyway \u89c2\u5f71\u63a8\u8350\u4e4b <a href='http:\/\/anyway.red\/t\/?t=https:\/\/movie.douban.com\/subject\/1306666\/'>\u9ed1\u5e97\u72c2\u60f3\u66f2<\/a>","53"],["JJ Ying","Moodboard \u751f\u6210\u5de5\u5177 <a href='http:\/\/anyway.red\/t\/?t=https:\/\/niice.co\/'>Niice<\/a>","P2"],["Leon Gao","<a href='http:\/\/anyway.red\/t\/?t=http:\/\/dlanham.com\/'>David Lanham<\/a> \u662f\u6211\u7684\u7cbe\u795e\u5bfc\u5e08\uff0c\u8fd8\u5728\u5ff5\u5927\u5b66\u7684\u65f6\u5019\u7b2c\u4e00\u6b21\u89c1\u5230\u4e86\u4ed6\u7684\u4f5c\u54c1\uff0c\u60ca\u4e3a\u5929\u4eba\uff01","2"],["JJ Ying","\u79d1\u666e\u300c\u673a\u5668\u5b66\u4e60\u300d\u539f\u7406\u7684<a href='http:\/\/anyway.red\/t\/?t=http:\/\/www.r2d3.us\/%E5%9B%BE%E8%A7%A3%E6%9C%BA%E5%99%A8%E5%AD%A6%E4%B9%A0\/'>\u4e00\u7bc7\u6587\u7ae0<\/a>\uff0c\u54ea\u6015\u4f60\u8ddf\u6211\u4e00\u6837\u6ca1\u770b\u61c2\uff0c\u4e5f\u53ef\u4ee5\u501f\u9274\u4e0b\u5176\u4e2d\u7684\u53ef\u89c6\u5316\u8bbe\u8ba1 \ud83d\ude1d","40"],["JJ Ying","\u6000\u65e7\u65f6\u95f4\uff1aEICO \u521b\u59cb\u4eba Rokey \u5728 2004 \u5e74 GUI \u5965\u6797\u5339\u514b\u5927\u8d5b\u4e2d\u7684\u83b7\u5956\u4f5c\u54c1 <a href='http:\/\/anyway.red\/t\/?t=http:\/\/rokey.deviantart.com\/art\/the-last-order-candy-7954501'>The Last Order<\/a>","25"],["Leon & JJ","\u6211\u4eec\u5728\u65e5\u672c\u8857\u5934\u62cd\u6444\u7684<a href='http:\/\/anyway.red\/t\/?t=http:\/\/www.douban.com\/photos\/album\/1618135740\/'>\u7167\u7247\u76f8\u518c<\/a>","1"],["JJ Ying","\u65e7\u4e66\u63a8\u8350\uff1a<a href='http:\/\/anyway.red\/t\/?t=http:\/\/iconhandbook.co.uk\/'><em>The Icon Handbook<\/em><\/a>","25"],["JJ Ying","Figma \u7684 CEO \u662f <a href='http:\/\/anyway.red\/t\/?t=https:\/\/www.linkedin.com\/in\/dylanfield\/'>Dylan Field<\/a>\uff0c\u7b97\u662f\u4e2a\u7845\u8c37\u7684\u300c\u795e\u7ae5\u300d","55"],["JJ Ying","\u6ca1\u4e8b\u513f\u7684\u65f6\u5019\u5c31\u559c\u6b22\u819c\u62dc\u4e00\u4e0b\u8fd9\u4e2a\u767e\u4e8b\u53ef\u4e50 08 \u5e74 Re-design \u65f6\u7684<a href='http:\/\/anyway.red\/t\/?t=https:\/\/pan.baidu.com\/s\/1slOY3A9'>PPT<\/a>\uff0c\u300c\u8be6\u89e3\u300d\u4e86 strategy","27"],["JJ Ying","<a href='http:\/\/anyway.red\/t\/?t=https:\/\/www.zhihu.com\/question\/29796814'>CC0 \u8bb8\u53ef\u534f\u8bae<\/a>\u610f\u5473\u7740\u4f60\u53ef\u4ee5\u968f\u610f\u4f7f\u7528\uff0c\u5305\u62ec\u4e2a\u4eba\u548c\u5546\u4e1a\uff0c\u4ee5\u53ca\u4efb\u610f\u4fee\u6539\u968f\u610f\u91cd\u65b0\u53d1\u5e03\uff0c\u751a\u81f3\u4e5f\u4e0d\u7528\u7f72\u540d","56"],["Leon Gao","Anyway \u89c2\u5f71\u63a8\u8350\u4e4b\u300a<a href='http:\/\/anyway.red\/t\/?t=https:\/\/movie.douban.com\/subject\/1414803\/'>\u5b88\u591c\u4eba<\/a>\u300b","82"],["JJ Ying","\u5047\u5982\u6708\u4eae\u5728\u5c4f\u5e55\u4e2d\u7684\u5927\u5c0f\u6b63\u597d\u662f 1 \u50cf\u7d20\u2026\u2026<a href='http:\/\/anyway.red\/t\/?t=http:\/\/joshworth.com\/dev\/pixelspace\/pixelspace_solarsystem.html'>\u592a\u9633\u7cfb\u7684\u5c3a\u5ea6\u6a21\u62df<\/a>","P11"],["JJ Ying","\u6211\u53f0\u51fa\u54c1\u7684 UI \u8bbe\u8ba1\u884c\u4e1a\u4e13\u7528\u672f\u8bed\u7684\u4e2d\u82f1\u5bf9\u7167\uff1a<a href='http:\/\/anyway.red\/t\/?t=http:\/\/abc.anyway.fm'>Anyway.ABC<\/a>","62"],["JJ Ying","2016 \u5e74\u66f4\u65b0\u7684<a href='http:\/\/anyway.red\/t\/?t=https:\/\/www.wearedesignstudio.com\/works\/premier-league-rebrand\/'>\u82f1\u8d85 logo<\/a> \u6765\u81ea designstudio\uff0cAirbnb \u7684 logo \u4e5f\u662f\u4ed6\u4eec\u7684\u4f5c\u54c1","23"],["JJ Ying","<a href='http:\/\/anyway.red\/t\/?t=http:\/\/www.coverr.co\/'>Coverr.co<\/a> \u53ef\u4ee5\u8bf4\u662f\u89c6\u9891\u80cc\u666f\u754c\u7684 Unsplash \u4e86","57"]]}